Step,Loss_train
1,0.039410930198246305
2,0.008084446081189111
3,0.0004127848617100023
4,0.00023636120743283445
5,0.0001797397742285844
6,0.00015318045597291594
7,0.0001427135248276117
8,0.00013110389375933437
9,0.00012308370330369584
10,0.00011963562390210579
11,0.00011270182413304572
12,0.00010922097423637427
13,0.000105931979095478
14,0.000106170517061593
15,0.00010058888802989493
16,0.00010184162371657892
17,9.857042523359664e-05
18,9.953662143758914e-05
19,9.631941668589293e-05
20,9.731049662185794e-05
21,9.673402830159836e-05
22,9.383036523866795e-05
23,9.303713515114307e-05
24,9.023459644803017e-05
25,8.983621089929205e-05
26,8.914334496321798e-05
27,8.722803799842382e-05
28,8.635843956365035e-05
29,8.571182487100073e-05
30,8.468530745694477e-05
31,8.345192686381343e-05
32,8.269936305215681e-05
33,8.154533856097138e-05
34,8.1032600480125e-05
35,8.018325046537422e-05
36,7.919184628314767e-05
37,7.79236111954958e-05
38,7.73347876709213e-05
39,7.649355615548933e-05
40,7.548916993075895e-05
41,7.511896003513324e-05
42,7.388381428252433e-05
43,7.385527362689408e-05
44,7.221256110573663e-05
45,7.184619541874168e-05
46,7.091206049396905e-05
47,7.059738563560672e-05
48,6.966879297140718e-05
49,6.910227706166323e-05
50,6.782425217810832e-05
51,6.747446666059585e-05
52,6.670062476944402e-05
53,6.588317253007312e-05
54,6.522204513433718e-05
55,6.439650414676456e-05
56,6.379320063431217e-05
57,6.314902695830672e-05
58,6.238263998368546e-05
59,6.1868731430026e-05
60,6.120340863783396e-05
61,6.0447440421570144e-05
62,5.978725439971866e-05
63,5.9135497018679396e-05
64,5.869122678328257e-05
65,5.824985131498338e-05
66,5.719603422928375e-05
67,5.6892286882627805e-05
68,5.6424486015367675e-05
69,5.573331114915404e-05
70,5.537028698242788e-05
71,5.454065772496797e-05
72,5.457576232546466e-05
73,5.369088897150961e-05
74,5.3404372540328676e-05
75,5.28076478869358e-05
76,5.25883723181161e-05
77,5.1914768563997354e-05
78,5.178988801509709e-05
79,5.110767642184234e-05
80,5.129373706301438e-05
81,5.050062256618591e-05
82,5.045529251422378e-05
83,5.004519198843903e-05
84,4.9638646020023244e-05
85,4.967151325215322e-05
86,4.876970762632882e-05
87,4.8927798356530435e-05
88,4.848267614500484e-05
89,4.8502481220561484e-05
90,4.796767972167856e-05
91,4.784384050367724e-05
92,4.750055140041627e-05
93,4.754448711593142e-05
94,4.7346534300784006e-05
95,4.69741910561313e-05
96,4.667625194531379e-05
97,4.66564351729966e-05
98,4.627703821424701e-05
99,4.612464205584681e-05
100,4.619756260241721e-05
101,4.574025894059932e-05
102,4.574522047360487e-05
103,4.552143877021724e-05
104,4.556418827283414e-05
105,4.527035522151894e-05
106,4.5430950511390086e-05
107,4.529802348045762e-05
108,4.548616875442164e-05
109,4.5039378762686844e-05
110,4.508790505770626e-05
111,4.5187983225008294e-05
112,4.5317883619711593e-05
113,4.5864126361803325e-05
114,4.5627310383301806e-05
115,4.553902163480773e-05
116,4.5361585294879134e-05
117,4.5348323141940927e-05
118,4.556106741270052e-05
119,4.5016531039740824e-05
120,4.501463903741999e-05
121,4.4822023503260534e-05
122,4.484715151942976e-05
123,4.4909085405470503e-05
124,4.472801699338356e-05
125,4.467558263763179e-05
126,4.4414304002937385e-05
127,4.424262590323945e-05
128,4.420168269003463e-05
129,4.3702140388013805e-05
130,4.3686712587586345e-05
131,4.361654331822386e-05
132,4.361937201395153e-05
133,4.351275749063347e-05
134,4.3697448607590025e-05
135,4.3206415371427194e-05
136,4.358093058759743e-05
137,4.350592854269833e-05
138,4.3334985090512514e-05
139,4.356112755777051e-05
140,4.308346773184205e-05
141,4.2880617303559414e-05
142,4.25631729730283e-05
143,4.232897549817529e-05
144,4.251797283060395e-05
145,4.2179139887203774e-05
146,4.206813845419289e-05
147,4.200497452786958e-05
148,4.15639683334199e-05
149,4.152329682352365e-05
150,4.132762461827587e-05
151,4.125816713872091e-05
152,4.106006677579202e-05
153,4.111828380969441e-05
154,4.0895624969352285e-05
155,4.086033272033801e-05
156,4.0497914576025775e-05
157,4.066730832397541e-05
158,4.0487475544043394e-05
159,4.011427549204633e-05
160,4.0067799493860486e-05
161,3.992364371593607e-05
162,3.983872326016936e-05
163,3.9672622314353446e-05
164,3.94439574572763e-05
165,3.9427004280962575e-05
166,3.930933300648766e-05
167,3.9084325822324674e-05
168,3.895375803901584e-05
169,3.905677804229975e-05
170,3.872600373813986e-05
171,3.868059883337039e-05
172,3.861848027493713e-05
173,3.836092614835042e-05
174,3.8462889988878186e-05
175,3.813549280321772e-05
176,3.818953279776319e-05
177,3.7996275136910224e-05
178,3.800996751947689e-05
179,3.770138968685491e-05
180,3.7499967528798596e-05
181,3.754702366553383e-05
182,3.726177629297154e-05
183,3.7250667001395126e-05
184,3.7208898694723525e-05
185,3.66141837218789e-05
186,3.6935248017395166e-05
187,3.7003828945463817e-05
188,3.6634025910646216e-05
189,3.6696359591177265e-05
190,3.656560196985002e-05
191,3.637634330589917e-05
192,3.621957812939098e-05
193,3.629179895785929e-05
194,3.6023662083926845e-05
195,3.6011808404504726e-05
196,3.583654539843565e-05
197,3.596824153089243e-05
198,3.545570451424384e-05
199,3.554023355604524e-05
200,3.5531265478471586e-05
201,3.549145873209827e-05
202,3.530551154215669e-05
203,3.526050023388648e-05
204,3.5467325727200194e-05
205,3.527655175197332e-05
206,3.5033027555258146e-05
207,3.531566400920573e-05
208,3.4931346093201334e-05
209,3.482206548433473e-05
210,3.4502623911038755e-05
211,3.455044120807003e-05
212,3.4555393515024525e-05
213,3.4403861134650216e-05
214,3.433563420396017e-05
215,3.415294126776406e-05
216,3.428151153026613e-05
217,3.4273211360647356e-05
218,3.427030508932842e-05
219,3.395979716011136e-05
220,3.399851467447585e-05
221,3.400669975818044e-05
222,3.3867929399227825e-05
223,3.3705591669512765e-05
224,3.357293207689073e-05
225,3.360915651743974e-05
226,3.360642110952099e-05
227,3.356684231127416e-05
228,3.3482888852315056e-05
229,3.357731865597337e-05
230,3.315189776350613e-05
231,3.325136451412795e-05
232,3.3291627962379074e-05
233,3.304985922660918e-05
234,3.3017789162785195e-05
235,3.298147597176712e-05
236,3.2976671552704597e-05
237,3.30417092673873e-05
238,3.284487597054895e-05
239,3.292267824069812e-05
240,3.261135998083601e-05
241,3.2736053885716316e-05
242,3.250808882717708e-05
243,3.2521432284254815e-05
244,3.242147652189257e-05
245,3.240698921118896e-05
246,3.22748839213866e-05
247,3.230965064776835e-05
248,3.2188551450394636e-05
249,3.22110995341043e-05
250,3.2029755187911704e-05
251,3.212879517081178e-05
252,3.2013360412210635e-05
253,3.2076475978876595e-05
254,3.208644373046513e-05
255,3.207680026883947e-05
256,3.212544187904681e-05
257,3.189696541911033e-05
258,3.206612144059873e-05
259,3.173851017977274e-05
260,3.1670337630659006e-05
261,3.1790016679290076e-05
262,3.166330031660099e-05
263,3.152126238259229e-05
264,3.144709878983841e-05
265,3.147590375058251e-05
266,3.14486105910729e-05
267,3.1347617335930025e-05
268,3.134025898924287e-05
269,3.122447790886638e-05
270,3.092203845929293e-05
271,3.101451948688037e-05
272,3.112258058305559e-05
273,3.106841457599247e-05
274,3.104337162227862e-05
275,3.112869375359361e-05
276,3.098410751233352e-05
277,3.0865750915866946e-05
278,3.067215477161359e-05
279,3.0664254442719874e-05
280,3.0379041112873612e-05
281,3.069967203416449e-05
282,3.043738574204245e-05
283,3.0510737726678565e-05
284,3.0398318153286945e-05
285,3.033343673362203e-05
286,3.0257968817795826e-05
287,3.0307727353365637e-05
288,3.0217321491211686e-05
289,2.9809258999915866e-05
290,3.0010670655715115e-05
291,3.013455156606826e-05
292,3.031383922616366e-05
293,3.0016451166532263e-05
294,2.9902033611252998e-05
295,2.981124634147552e-05
296,2.991840308577416e-05
297,2.97841677923146e-05
298,2.9687125913539265e-05
299,2.9660171237430056e-05
300,2.952217277283769e-05
301,2.9603349073891108e-05
302,2.9514659573277206e-05
303,2.956510595791658e-05
304,2.9373818576097322e-05
305,2.9327231244612972e-05
306,2.9406870156343145e-05
307,2.9124471491558728e-05
308,2.9342634405714262e-05
309,2.9219776390625122e-05
310,2.928733379261033e-05
311,2.909045879138645e-05
312,2.9180371754280153e-05
313,2.8916144848738854e-05
314,2.8951814037072255e-05
315,2.8930620873094557e-05
316,2.880638945007022e-05
317,2.8873702165046297e-05
318,2.879553446676617e-05
319,2.8736145100526725e-05
320,2.8777980774408247e-05
321,2.8859102766720934e-05
322,2.8578053266391077e-05
323,2.8584704120569826e-05
324,2.85445957056976e-05
325,2.8567885761011815e-05
326,2.8517909020182513e-05
327,2.846690467479404e-05
328,2.8504046943701707e-05
329,2.8381610099395122e-05
330,2.849961075187309e-05
331,2.854201189616853e-05
332,2.8534921079311297e-05
333,2.8250158972207277e-05
334,2.8221872928542096e-05
335,2.8324378739242722e-05
336,2.833814563355621e-05
337,2.8181674279571742e-05
338,2.8416183917897165e-05
339,2.821513795877049e-05
340,2.8571543565980046e-05
341,2.8429026142057765e-05
342,2.8184243496017647e-05
343,2.836165637750647e-05
344,2.8155166894666914e-05
345,2.8331654739291545e-05
346,2.835965268214271e-05
347,2.828743619689161e-05
348,2.8235893034160804e-05
349,2.8266902072978777e-05
350,2.8195771501600893e-05
351,2.8207532861927278e-05
352,2.8226516396176637e-05
353,2.8132073814624448e-05
354,2.8391084151165396e-05
355,2.8302726219638754e-05
356,2.82215340179452e-05
357,2.8234235626054656e-05
358,2.812063272025357e-05
359,2.8040605510020788e-05
360,2.8160771794787542e-05
361,2.8090770819946053e-05
362,2.8033941888398484e-05
363,2.800415097617917e-05
364,2.8129311747300596e-05
365,2.7835545644232407e-05
366,2.781185053126565e-05
367,2.7680154151801258e-05
368,2.7862420644868962e-05
369,2.7926592885723494e-05
370,2.7759966089198267e-05
371,2.7798157573931266e-05
372,2.7952261349485306e-05
373,2.7657855038782764e-05
374,2.748005248663237e-05
375,2.774664687908461e-05
376,2.752494663570783e-05
377,2.763700491802935e-05
378,2.7467380522920038e-05
379,2.7725270149498518e-05
380,2.7445287220445638e-05
381,2.7491866357294053e-05
382,2.724936294456113e-05
383,2.750433989947339e-05
384,2.7282745190416366e-05
385,2.737025654103055e-05
386,2.7245810148229783e-05
387,2.7158865815627225e-05
388,2.717304933356644e-05
389,2.7353840251599653e-05
390,2.7267489663232547e-05
391,2.7284045713371556e-05
392,2.7160141058619826e-05
393,2.7046376065789086e-05
394,2.7004408267851514e-05
395,2.7061018753782182e-05
396,2.6974776699610636e-05
397,2.6993083281626326e-05
398,2.689422029963229e-05
399,2.6921947627275093e-05
400,2.683008618598636e-05
401,2.6824969970796075e-05
402,2.6858954419630838e-05
403,2.678813897676677e-05
404,2.691881546020961e-05
405,2.6795970245815053e-05
406,2.675593090187193e-05
407,2.6874931006057923e-05
408,2.6698589060913967e-05
409,2.6745967542902136e-05
410,2.662421593730132e-05
411,2.6628766948402562e-05
412,2.650762011117702e-05
413,2.655275898462942e-05
414,2.651396494730612e-05
415,2.6559360222578757e-05
416,2.6442031825706352e-05
417,2.654997697144074e-05
418,2.6445860575143934e-05
419,2.6493273762018543e-05
420,2.640106540455281e-05
421,2.6434580534487522e-05
422,2.6418508022970222e-05
423,2.630224739124493e-05
424,2.624203171676793e-05
425,2.6268342547580656e-05
426,2.624476278336952e-05
427,2.6293436207840862e-05
428,2.6128462036341012e-05
429,2.6245555597691295e-05
430,2.6013239856609258e-05
431,2.6122806756800773e-05
432,2.611292454299894e-05
433,2.6127465603509377e-05
434,2.6044653820709023e-05
435,2.5972093166765618e-05
436,2.6001440939408518e-05
437,2.5933654089517264e-05
438,2.6003450305497075e-05
439,2.5895830540359186e-05
440,2.5904118858679312e-05
441,2.5994921373260045e-05
442,2.5794973949145628e-05
443,2.5753976327763677e-05
444,2.5794572371767035e-05
445,2.5881615510898633e-05
446,2.5709809078711523e-05
447,2.5738611747984985e-05
448,2.579967537490006e-05
449,2.572603435018764e-05
450,2.5573150968952164e-05
451,2.5619110415315332e-05
452,2.5689765386199533e-05
453,2.5588407852461124e-05
454,2.5733042731420466e-05
455,2.5576724028141444e-05
456,2.5546308645839557e-05
457,2.541317296409211e-05
458,2.5467416011880006e-05
459,2.546326702118768e-05
460,2.562541704886684e-05
461,2.5513465995400644e-05
462,2.5295742051459665e-05
463,2.5440243302149925e-05
464,2.524496598987469e-05
465,2.5279893519796526e-05
466,2.5293146184158914e-05
467,2.532169074440952e-05
468,2.5079426607635595e-05
469,2.5201092462959833e-05
470,2.520183258992419e-05
471,2.52257654841372e-05
472,2.5103851877326042e-05
473,2.4990331637373125e-05
474,2.5209286682779382e-05
475,2.49547975175532e-05
476,2.5151634646176324e-05
477,2.4872030732256558e-05
478,2.492706040334206e-05
479,2.5006800976755947e-05
480,2.4904016730522567e-05
481,2.494674671795457e-05
482,2.4883295594928443e-05
483,2.4895223360167582e-05
484,2.490543071674192e-05
485,2.4923169933668623e-05
486,2.4928734424926984e-05
487,2.4842714119624163e-05
488,2.4835422572662773e-05
489,2.4765627768743155e-05
490,2.493938854132266e-05
491,2.48647745257512e-05
492,2.468075932264631e-05
493,2.4949341587091218e-05
494,2.4743319216550366e-05
495,2.4734889062658167e-05
496,2.474733913911418e-05
497,2.47581691546986e-05
498,2.4501493445455698e-05
499,2.4706088033451927e-05
500,2.4515107216265832e-05
501,2.4532831536733355e-05
502,2.453438088787532e-05
503,2.4577193771062582e-05
504,2.4669231252144394e-05
505,2.4588937135617583e-05
506,2.441281435937949e-05
507,2.4570294586829076e-05
508,2.4326766567512735e-05
509,2.4475791427926262e-05
510,2.4477988680989755e-05
511,2.447687822976018e-05
512,2.433060395398322e-05
513,2.424297716531067e-05
514,2.417750170500116e-05
515,2.4295192688783614e-05
516,2.4290766138168853e-05
517,2.416025365986479e-05
518,2.4365403479175985e-05
519,2.4045078583851673e-05
520,2.4226148645506136e-05
521,2.4104923159156237e-05
522,2.397143017836174e-05
523,2.4176196301112183e-05
524,2.4188184796656662e-05
525,2.4013783178339803e-05
526,2.3961424176377477e-05
527,2.4126699147732793e-05
528,2.40649134399763e-05
529,2.3836314214088898e-05
530,2.402582744123664e-05
531,2.38535464181203e-05
532,2.380449565563421e-05
533,2.3926885784784135e-05
534,2.383942444592823e-05
535,2.364129419539472e-05
536,2.3651810866620327e-05
537,2.3938681807879e-05
538,2.3581323956866595e-05
539,2.3822367998897858e-05
540,2.3674744139386745e-05
541,2.3744210639786434e-05
542,2.3659004515280675e-05
543,2.3821884007745533e-05
544,2.3554514625737632e-05
545,2.3551331484850886e-05
546,2.3432875935234084e-05
547,2.3417960361462636e-05
548,2.367835621057857e-05
549,2.3353483399981778e-05
550,2.3492357555967268e-05
551,2.3426118157792763e-05
552,2.3393830723468345e-05
553,2.3454611670753174e-05
554,2.344883563584066e-05
555,2.3322804966288018e-05
556,2.3261731888481623e-05
557,2.3315215042045836e-05
558,2.3185512518808578e-05
559,2.3315620303321318e-05
560,2.3138061803877165e-05
561,2.3301565371212418e-05
562,2.320868649701139e-05
563,2.3339256865033236e-05
564,2.332326331963339e-05
565,2.3177525213150476e-05
566,2.3024447606661356e-05
567,2.3192857779159013e-05
568,2.3056404445045177e-05
569,2.3125111105372854e-05
570,2.3093402662595806e-05
571,2.2982089663997602e-05
572,2.3135697330459118e-05
573,2.3075409337536237e-05
574,2.3009017998011487e-05
575,2.2969126995757656e-05
576,2.2956160467548725e-05
577,2.2920707260456263e-05
578,2.2957041288783306e-05
579,2.286293867299387e-05
580,2.285588117239694e-05
581,2.2869494611013504e-05
582,2.296247477575347e-05
583,2.2777116057701497e-05
584,2.292919208125023e-05
585,2.280354579892963e-05
586,2.273980766477307e-05
587,2.2662375520333e-05
588,2.2776894527339507e-05
589,2.2679418003199597e-05
590,2.2761202516484442e-05
591,2.268012929487511e-05
592,2.252289812425268e-05
593,2.2649995403083475e-05
594,2.2594428093325302e-05
595,2.2617430175762776e-05
596,2.2332042411039574e-05
597,2.2413100066102404e-05
598,2.2384646701062887e-05
599,2.2489719479173424e-05
600,2.2572787275232036e-05
601,2.2449801807064162e-05
602,2.2482932006033408e-05
603,2.2357609995625127e-05
604,2.2438020963853884e-05
605,2.2453009224999247e-05
606,2.2413586170436534e-05
607,2.2431378258709663e-05
608,2.242612850360302e-05
609,2.2460186834315185e-05
610,2.236104719587657e-05
611,2.2358479725584488e-05
612,2.2312238842862733e-05
613,2.2409290580408627e-05
614,2.2343992186240505e-05
615,2.2234994536629426e-05
616,2.2274137657463205e-05
617,2.2313402895694574e-05
618,2.2327005768402108e-05
619,2.238232388072879e-05
620,2.2357108925163e-05
621,2.244909665542792e-05
622,2.2154707293564488e-05
623,2.2198112219484756e-05
624,2.238720164363547e-05
625,2.2216851210496087e-05
626,2.221512942080538e-05
627,2.2142994222593284e-05
628,2.2198964863800788e-05
629,2.207991144428802e-05
630,2.2112713661480583e-05
631,2.22270707955307e-05
632,2.2131564514640056e-05
633,2.1984716888589617e-05
634,2.221874160600072e-05
635,2.2095895235103846e-05
636,2.205071199021703e-05
637,2.2094123011525186e-05
638,2.2082176697280942e-05
639,2.2005363665391638e-05
640,2.2034959531848677e-05
641,2.2154701430933774e-05
642,2.198420488392378e-05
643,2.1939357385402987e-05
644,2.204808196049656e-05
645,2.1845367509272074e-05
646,2.1956567292563756e-05
647,2.1940646736963818e-05
648,2.1883195466882708e-05
649,2.18769589260168e-05
650,2.1998778859465487e-05
651,2.1863268134590845e-05
652,2.1893617924337514e-05
653,2.1696034708899654e-05
654,2.18624476164651e-05
655,2.1885377282287004e-05
656,2.1723555356088216e-05
657,2.1856666740995048e-05
658,2.178096947432412e-05
659,2.1837592053969244e-05
660,2.1620420362209732e-05
661,2.178410755025508e-05
662,2.197009344613143e-05
663,2.1784425249389796e-05
664,2.1785031971500292e-05
665,2.170546607047067e-05
666,2.176602575387672e-05
667,2.1643657711324283e-05
668,2.183216320124193e-05
669,2.1632299295626967e-05
670,2.1519260746488798e-05
671,2.151370291936919e-05
672,2.1524338985366798e-05
673,2.149101800024992e-05
674,2.156439759859556e-05
675,2.1693739877853324e-05
676,2.144063880817342e-05
677,2.159338145476243e-05
678,2.16171316330099e-05
679,2.1379901028477564e-05
680,2.148896831254345e-05
681,2.1421134368275516e-05
682,2.1359061676622766e-05
683,2.156289755159839e-05
684,2.144285983999489e-05
685,2.1312659223845625e-05
686,2.143711495337586e-05
687,2.1432282313376758e-05
688,2.1337389153677198e-05
689,2.1360893898984217e-05
690,2.134445012773953e-05
691,2.1305246184922586e-05
692,2.1318222992765053e-05
693,2.122365573839483e-05
694,2.128930974926648e-05
695,2.127256414390111e-05
696,2.124844798413062e-05
697,2.1127172063576094e-05
698,2.115729686358747e-05
699,2.1201641033743203e-05
700,2.1160290599669163e-05
701,2.117779482036046e-05
702,2.1198977799074194e-05
703,2.1127484122545288e-05
704,2.1002200909432933e-05
705,2.1106651448763007e-05
706,2.1093051573714544e-05
707,2.117063628557416e-05
708,2.098122934548604e-05
709,2.1184418669323442e-05
710,2.0927214193889694e-05
711,2.1153375459060468e-05
712,2.1103502278706743e-05
713,2.1144825908179534e-05
714,2.095816915054892e-05
715,2.0874551433364032e-05
716,2.1081606717861048e-05
717,2.102350349762529e-05
718,2.0984057551948627e-05
719,2.101433423298339e-05
720,2.0829978480006075e-05
721,2.092439087944457e-05
722,2.0832873530370786e-05
723,2.0948166488709283e-05
724,2.082905898355433e-05
725,2.0924009252522615e-05
726,2.0898113210512388e-05
727,2.0976059102763696e-05
728,2.093680093132516e-05
729,2.0927760916109033e-05
730,2.0845132257470134e-05
731,2.0784812970899296e-05
732,2.0820628893630773e-05
733,2.079598138026468e-05
734,2.0798027148783675e-05
735,2.0834303076803113e-05
736,2.078522606801632e-05
737,2.0828037041011362e-05
738,2.0758424956540724e-05
739,2.074268631856505e-05
740,2.07094122465276e-05
741,2.067474646693253e-05
742,2.074560169084785e-05
743,2.0708795706022782e-05
744,2.0760597753158685e-05
745,2.0553600278735327e-05
746,2.0736725295850305e-05
747,2.0805275581199396e-05
748,2.0702902462513993e-05
749,2.082465719054439e-05
750,2.0777100221646043e-05
751,2.0670416530495896e-05
752,2.061614057480195e-05
753,2.0742280817882188e-05
754,2.0750007054701197e-05
755,2.0634564560803274e-05
756,2.057936388064643e-05
757,2.0540398305085474e-05
758,2.0642615122894583e-05
759,2.053667544448691e-05
760,2.061152621305626e-05
761,2.0685451065509314e-05
762,2.06824017611064e-05
763,2.0616173929855118e-05
764,2.0727547526387913e-05
765,2.0652382031958827e-05
766,2.0633219375388034e-05
767,2.0639737135055825e-05
768,2.056646982779655e-05
769,2.0652950410729058e-05
770,2.059776258700185e-05
771,2.052684652859464e-05
772,2.0515464113890893e-05
773,2.050152770379376e-05
774,2.0533508546409178e-05
775,2.0540583641865133e-05
776,2.0506172135708028e-05
777,2.065418234077821e-05
778,2.0569184741683566e-05
779,2.053963913541746e-05
780,2.0558572973318265e-05
781,2.0585978998523613e-05
782,2.0496797682157864e-05
783,2.0520201023397442e-05
784,2.053552133719497e-05
785,2.0579333247427165e-05
786,2.0486985259724006e-05
787,2.044260575908755e-05
788,2.0397965403210246e-05
789,2.046241047014962e-05
790,2.0338036342593093e-05
791,2.0532808660785255e-05
792,2.0537177519446666e-05
793,2.0459330420265647e-05
794,2.0460289056182192e-05
795,2.046941781569219e-05
796,2.031929527893454e-05
797,2.0409483908183968e-05
798,2.0353544483513712e-05
799,2.0434656842371117e-05
800,2.0334852799527283e-05
801,2.041287580676399e-05
802,2.0507582588293456e-05
803,2.0432364606013103e-05
804,2.0311083097386322e-05
805,2.0475161023134465e-05
806,2.0619193685972206e-05
807,2.0577412789829204e-05
808,2.047286202098456e-05
809,2.0477278214696734e-05
810,2.0480765588844782e-05
811,2.0480258751071547e-05
812,2.0396181224463068e-05
813,2.0265605097047026e-05
814,2.0434540277419677e-05
815,2.0388817641531174e-05
816,2.037973955104138e-05
817,2.040554122395102e-05
818,2.038550332946775e-05
819,2.0365665901613854e-05
820,2.0421034747562727e-05
821,2.0385041581667744e-05
822,2.0253928518125686e-05
823,2.027717009170379e-05
824,2.0401189637930373e-05
825,2.0332753678472033e-05
826,2.0283407268930977e-05
827,2.0221712869439055e-05
828,2.025774630090022e-05
829,2.0301557368773115e-05
830,2.038929784745015e-05
831,2.0268871447990382e-05
832,2.03798061222851e-05
833,2.0257344025883457e-05
834,2.0357368956711146e-05
835,2.029864474555839e-05
836,2.0203297106732875e-05
837,2.039953012091755e-05
838,2.0320470391690635e-05
839,2.027821547384428e-05
840,2.028981611549986e-05
841,2.0236361439855144e-05
842,2.0292838608967995e-05
843,2.015608211180085e-05
844,2.022299158146359e-05
845,2.0296941996512945e-05
846,2.0201045348430928e-05
847,2.025705996427728e-05
848,2.0221872752559104e-05
849,2.0292501370580982e-05
850,2.0201391686673447e-05
851,2.0317213541831816e-05
852,2.0132938142014712e-05
853,2.027444161361532e-05
854,2.014351795741173e-05
855,2.0287631530126846e-05
856,2.0190064926110232e-05
857,2.022195325091546e-05
858,2.0259933893432598e-05
859,2.0192091733786426e-05
860,2.012949806380789e-05
861,2.018590358155376e-05
862,2.0209177412426193e-05
863,2.0279646499630543e-05
864,2.0206699662583074e-05
865,2.0302914664686662e-05
866,2.013064129959805e-05
867,2.0197484527835568e-05
868,2.0076018668717863e-05
869,2.013124225487245e-05
870,2.0153023112665764e-05
871,2.0172864820084915e-05
872,2.0120204919464075e-05
873,2.0047669495131706e-05
874,2.019485915705871e-05
875,2.0136412623473677e-05
876,2.010171993889093e-05
877,2.0203558978346716e-05
878,2.009589958004547e-05
879,2.0076749445177326e-05
880,2.014608036958956e-05
881,2.0126352549939325e-05
882,2.0086018578322664e-05
883,2.0080465329077504e-05
884,2.0115346398608866e-05
885,2.0072734553968605e-05
886,2.0158673041641068e-05
887,2.000937039963161e-05
888,2.0057779703294782e-05
889,2.0156378306231022e-05
890,1.9863692888074864e-05
891,2.0111136314224998e-05
892,2.0108741964127668e-05
893,2.009476914716663e-05
894,1.9916315700185785e-05
895,2.0130575437076175e-05
896,1.9965415064586694e-05
897,2.0091379961870243e-05
898,1.9943621987358382e-05
899,2.013326771794053e-05
900,2.0029743360101597e-05
901,2.0032351642385038e-05
902,1.9929352577113208e-05
903,1.996831230967739e-05
904,1.9858787270309564e-05
905,2.0096814364035284e-05
906,2.003900921390418e-05
907,2.0061060055769738e-05
908,1.9942764098089007e-05
909,2.0047827094856372e-05
910,1.996032075437996e-05
911,1.99957911881951e-05
912,1.995187283604851e-05
913,1.999863760244394e-05
914,2.0041148628234804e-05
915,1.9881828137217565e-05
916,1.990298304462434e-05
917,1.9785379780370836e-05
918,1.992474070491926e-05
919,2.0068245072464006e-05
920,1.9861165601013098e-05
921,1.9958354767420225e-05
922,1.9756775853740268e-05
923,1.995964708639753e-05
924,1.9842064626835327e-05
925,1.998126774027757e-05
926,1.9863663688924805e-05
927,1.9847181530638504e-05
928,1.990558237224842e-05
929,1.9858046079154068e-05
930,1.9853775064483694e-05
931,1.9909351358352134e-05
932,1.982816669545763e-05
933,1.984538116054223e-05
934,1.978255160383417e-05
935,1.9837842087567537e-05
936,1.9874138732083892e-05
937,1.9799021228542458e-05
938,1.981507939556759e-05
939,1.9716083694324158e-05
940,1.9765813988690102e-05
941,1.9729865714370562e-05
942,1.9883966036726493e-05
943,1.981580201808404e-05
944,1.973274521924775e-05
945,1.988629119951613e-05
946,1.9849980545709602e-05
947,2.000374613411405e-05
948,1.985556473202506e-05
949,1.9771679646831907e-05
950,1.9779461496623514e-05
951,1.9801449757843357e-05
952,1.9778888959100087e-05
953,1.9919249144875666e-05
954,1.9863375319410834e-05
955,1.982494624771257e-05
956,1.9600332299354386e-05
957,1.979386093278506e-05
958,1.9882788467194665e-05
959,1.985286064546346e-05
960,1.9899145122337338e-05
961,1.9893872798176672e-05
962,1.970372756072226e-05
963,1.9736732751038122e-05
964,1.9762518546425005e-05
965,1.96594254323708e-05
966,1.9838530968843917e-05
967,1.9750479461662785e-05
968,1.976596168055936e-05
969,1.9890195549117414e-05
970,1.9619825740604924e-05
971,1.9804346979975014e-05
972,1.957907399487707e-05
973,1.9771491118587205e-05
974,1.9689267891595707e-05
975,1.9777770871376783e-05
976,1.986624307464251e-05
977,1.984178048004319e-05
978,1.983055079632236e-05
979,1.9879660834302282e-05
980,1.985595082899314e-05
981,1.980954281062777e-05
982,1.982539798901246e-05
983,1.991549689607121e-05
984,1.978643754820145e-05
985,1.9872596435859393e-05
986,1.994606133780951e-05
987,1.9885805034855137e-05
988,1.9777196661960155e-05
989,1.9873994407751774e-05
990,1.9868743260377212e-05
991,1.9755968890474016e-05
992,1.969424177941543e-05
993,1.9691683644902788e-05
994,1.972857184193704e-05
995,1.980124996225134e-05
996,1.9773611995788087e-05
997,1.9689457311601233e-05
998,1.955290124274561e-05
999,1.977134871157252e-05
1000,1.9623415021860918e-05
1001,1.973460413046522e-05
1002,1.9755165372963983e-05
1003,1.9660601610743073e-05
1004,1.95677735110155e-05
1005,1.9775035303219765e-05
1006,1.960590723016788e-05
1007,1.9695816747780377e-05
1008,1.9734740333788676e-05
1009,1.9721392970665536e-05
1010,1.968914074680148e-05
1011,1.9580341441929366e-05
1012,1.9556517784933582e-05
1013,1.959028008525397e-05
1014,1.9715762448096768e-05
1015,1.9567494314667626e-05
1016,1.959561502156965e-05
1017,1.963076360968892e-05
1018,1.9635141277971886e-05
1019,1.9571246888857112e-05
1020,1.9499839527238856e-05
1021,1.9449136132918844e-05
1022,1.950603893478513e-05
1023,1.9664315092494204e-05
1024,1.957015831411021e-05
1025,1.9408618329368912e-05
1026,1.9357846871467512e-05
1027,1.9512808864209365e-05
1028,1.9366229479244103e-05
1029,1.9639282267992592e-05
1030,1.9514707462900196e-05
1031,1.9485086623023354e-05
1032,1.9427088476659822e-05
1033,1.952119808878159e-05
1034,1.9362255181520007e-05
1035,1.943034485704584e-05
1036,1.9301295801159995e-05
1037,1.944243739409739e-05
1038,1.935942856841487e-05
1039,1.9501750291054676e-05
1040,1.9290195067289036e-05
1041,1.934171842887614e-05
1042,1.9307280647125758e-05
1043,1.938386677702916e-05
1044,1.9475290206682882e-05
1045,1.942669651516097e-05
1046,1.933309389503386e-05
1047,1.9237407518675125e-05
1048,1.9352761335889593e-05
1049,1.9382952713794894e-05
1050,1.9326954756553712e-05
1051,1.9281318273437526e-05
1052,1.9162122167601465e-05
1053,1.9326531093686e-05
1054,1.9266786084617224e-05
1055,1.9353907601639815e-05
1056,1.934304309587557e-05
1057,1.9218610511750456e-05
1058,1.9256841405598238e-05
1059,1.93344121563025e-05
1060,1.9251201881343656e-05
1061,1.9272355647131907e-05
1062,1.9222055470732726e-05
1063,1.9274478043587953e-05
1064,1.9254906340825008e-05
1065,1.9310570629730892e-05
1066,1.922692951649149e-05
1067,1.918764486346166e-05
1068,1.9103580099071575e-05
1069,1.924019263386776e-05
1070,1.918253124533476e-05
1071,1.9172443162403694e-05
1072,1.924192165074791e-05
1073,1.913953838796648e-05
1074,1.9027616005909076e-05
1075,1.9221803837426148e-05
1076,1.9134182918192857e-05
1077,1.9108110358999832e-05
1078,1.9206367990092305e-05
1079,1.9080482513356886e-05
1080,1.9045674781652824e-05
1081,1.914094203232538e-05
1082,1.9089891547339657e-05
1083,1.913049100163147e-05
1084,1.9126300453808147e-05
1085,1.9095020069367632e-05
1086,1.9064636661409684e-05
1087,1.90617730528975e-05
1088,1.9080907514974197e-05
1089,1.9045865858984434e-05
1090,1.9054244115151888e-05
1091,1.8992596778210664e-05
1092,1.907061151591746e-05
1093,1.9071012150708666e-05
1094,1.8972676779511526e-05
1095,1.898293223986866e-05
1096,1.9018003938001133e-05
1097,1.8937830146008316e-05
1098,1.8985408409021387e-05
1099,1.907003391647967e-05
1100,1.891108389334041e-05
1101,1.890018670878551e-05
1102,1.891489225625791e-05
1103,1.904393042512483e-05
1104,1.8957092068288965e-05
1105,1.8914333581245128e-05
1106,1.9012454402895462e-05
1107,1.8971004274490018e-05
1108,1.896235304324146e-05
1109,1.9014013949593374e-05
1110,1.8833022143592804e-05
1111,1.8970673266078372e-05
1112,1.8852681849468436e-05
1113,1.8953317739062217e-05
1114,1.8969898671418217e-05
1115,1.893422367682251e-05
1116,1.877348998288506e-05
1117,1.889119603017351e-05
1118,1.8781432821789143e-05
1119,1.892802517227907e-05
1120,1.888109792190008e-05
1121,1.8859450525962382e-05
1122,1.8836296375029076e-05
1123,1.8910049358950965e-05
1124,1.8910630401136545e-05
1125,1.892925992169846e-05
1126,1.882633049721497e-05
1127,1.8818942678877688e-05
1128,1.8896661030881752e-05
1129,1.8762133150728224e-05
1130,1.8870331679089783e-05
1131,1.895477809003576e-05
1132,1.8834688135371876e-05
1133,1.868627500150644e-05
1134,1.8793081253559515e-05
1135,1.8843956030787392e-05
1136,1.8889761431168773e-05
1137,1.8810162543855682e-05
1138,1.8774491671753712e-05
1139,1.8734793168866992e-05
1140,1.884038410197462e-05
1141,1.8726940807268533e-05
1142,1.87845450181307e-05
1143,1.8837358640298323e-05
1144,1.880627035732099e-05
1145,1.8860472507139876e-05
1146,1.8833087245299558e-05
1147,1.8812329390281895e-05
1148,1.8690329287579506e-05
1149,1.8717146199467145e-05
1150,1.8777827627225958e-05
1151,1.8667019001550014e-05
1152,1.867632575221324e-05
1153,1.875156436327114e-05
1154,1.8786212453479267e-05
1155,1.8775705124208296e-05
1156,1.8794972346385646e-05
1157,1.8684097165933156e-05
1158,1.8833989105407663e-05
1159,1.8719312108847808e-05
1160,1.8611124337351164e-05
1161,1.8656386202069764e-05
1162,1.8709194046475956e-05
1163,1.8694718135648754e-05
1164,1.86977045558716e-05
1165,1.8731040912778977e-05
1166,1.8732473213979557e-05
1167,1.8745584903971422e-05
1168,1.8616900210917036e-05
1169,1.8624910669580493e-05
1170,1.8773049431030085e-05
1171,1.876224179164374e-05
1172,1.870764379898136e-05
1173,1.8637168698408315e-05
1174,1.8675646297602438e-05
1175,1.8643504804876656e-05
1176,1.8696890850880872e-05
1177,1.856167483538229e-05
1178,1.862345455209578e-05
1179,1.8550375555841176e-05
1180,1.8613668269242673e-05
1181,1.8625067475397352e-05
1182,1.8622028944643204e-05
1183,1.8508945130568077e-05
1184,1.8637874872909423e-05
1185,1.8688097181900014e-05
1186,1.8653438839925877e-05
1187,1.8649789662806932e-05
1188,1.867313626259746e-05
1189,1.855758309994652e-05
1190,1.872365099804374e-05
1191,1.858719129382522e-05
1192,1.8641703788760468e-05
1193,1.8578168326567925e-05
1194,1.8514573760678514e-05
1195,1.8648021167301525e-05
1196,1.8620426618601622e-05
1197,1.8618511640455897e-05
1198,1.8687771623964715e-05
1199,1.8568963946785273e-05
1200,1.8477661511752866e-05
1201,1.8614357313132402e-05
1202,1.8684639970073384e-05
1203,1.8565860349950465e-05
1204,1.8627993554668527e-05
1205,1.8561172602876013e-05
1206,1.8598173710415722e-05
1207,1.8607383317259498e-05
1208,1.861716441817787e-05
1209,1.8588239608072758e-05
1210,1.854596986581111e-05
1211,1.8591737411325618e-05
1212,1.8607486767690015e-05
1213,1.8597624739318727e-05
1214,1.852906435880012e-05
1215,1.8460787954068376e-05
1216,1.8549088855337064e-05
1217,1.8531195147814865e-05
1218,1.857112515209593e-05
1219,1.8541554923445842e-05
1220,1.8664385948044668e-05
1221,1.862619857187165e-05
1222,1.8666844276122447e-05
1223,1.859993747778372e-05
1224,1.8413877340918896e-05
1225,1.8588305646666727e-05
1226,1.8581018364386794e-05
1227,1.8596878708239045e-05
1228,1.8529126097561546e-05
1229,1.8416071852356213e-05
1230,1.857000308517497e-05
1231,1.850669919816238e-05
1232,1.856024511794469e-05
1233,1.8552839852636273e-05
1234,1.846425906038997e-05
1235,1.848860131462147e-05
1236,1.8682382311931243e-05
1237,1.8560448024882617e-05
1238,1.8477526415055185e-05
1239,1.8504352920971894e-05
1240,1.8543213652726047e-05
1241,1.859386340110909e-05
1242,1.8492448599130396e-05
1243,1.8491402883212946e-05
1244,1.858582767657515e-05
1245,1.855091664882033e-05
1246,1.857551858753992e-05
1247,1.861098485690169e-05
1248,1.8621064675369674e-05
1249,1.842381133955033e-05
1250,1.8449332997028514e-05
1251,1.8595017599287164e-05
1252,1.857014123510843e-05
1253,1.8524451379347037e-05
1254,1.8601748109462972e-05
1255,1.8600349242643006e-05
1256,1.855107351306399e-05
1257,1.8651078491851658e-05
1258,1.853671774864029e-05
1259,1.8451728430317567e-05
1260,1.8682984869113355e-05
1261,1.8580848537785235e-05
1262,1.8604566673286657e-05
1263,1.8643658020532852e-05
1264,1.8527902840963087e-05
1265,1.8529950147579493e-05
1266,1.841490237897395e-05
1267,1.8580156541046156e-05
1268,1.8638227859140197e-05
1269,1.856276977105027e-05
1270,1.8646882087889487e-05
1271,1.8573877657216698e-05
1272,1.858255410920935e-05
1273,1.8656536758277313e-05
1274,1.866183211621466e-05
1275,1.8678697855158138e-05
1276,1.8613337623108866e-05
1277,1.863793569837603e-05
1278,1.8600891998173405e-05
1279,1.8487940352330692e-05
1280,1.8716284269881565e-05
1281,1.875349638953404e-05
1282,1.8744708684837033e-05
1283,1.8690405796604556e-05
1284,1.8611708622620047e-05
1285,1.8642898276730474e-05
1286,1.863025295168094e-05
1287,1.866057468104598e-05
1288,1.8659515683719134e-05
1289,1.8678124914347278e-05
1290,1.8764180196244917e-05
1291,1.863618651601595e-05
1292,1.865790260445442e-05
1293,1.866591025673137e-05
1294,1.8645950046776057e-05
1295,1.871896365156497e-05
1296,1.869369447086103e-05
1297,1.8716472676522518e-05
1298,1.8684980274363238e-05
1299,1.8801730265381327e-05
1300,1.851259646536187e-05
1301,1.861874690649962e-05
1302,1.867556188655047e-05
1303,1.8555920144144365e-05
1304,1.8677717964869757e-05
1305,1.8562828668749118e-05
1306,1.864510581671106e-05
1307,1.881028817351154e-05
1308,1.8716640940959258e-05
1309,1.8661839900912955e-05
1310,1.869837388332857e-05
1311,1.8743147750938027e-05
1312,1.86539606500023e-05
1313,1.8693737137784567e-05
1314,1.8730219717599033e-05
1315,1.8612336082128104e-05
1316,1.8603329764134027e-05
1317,1.8741533373299956e-05
1318,1.8743371242635476e-05
1319,1.8726572663953875e-05
1320,1.8769025583736958e-05
1321,1.884702447923042e-05
1322,1.8711853391883413e-05
1323,1.8710822040725426e-05
1324,1.8618345265785743e-05
1325,1.8698852035442573e-05
1326,1.8702545961315895e-05
1327,1.8699890659866424e-05
1328,1.869123198022994e-05
1329,1.8715357266615092e-05
1330,1.8744194170193825e-05
1331,1.8838324549164058e-05
1332,1.8748573295505033e-05
1333,1.865717747101057e-05
1334,1.8611290873367956e-05
1335,1.860707201910542e-05
1336,1.858893994337721e-05
1337,1.862806635509593e-05
1338,1.88767674681725e-05
1339,1.8772218463848915e-05
1340,1.8683535347590145e-05
1341,1.8712595654988617e-05
1342,1.8729012732152128e-05
1343,1.8649622200511586e-05
1344,1.8757072053386946e-05
1345,1.8689724911407987e-05
1346,1.8699466138172243e-05
1347,1.874294566799217e-05
1348,1.8681065771640653e-05
1349,1.8672760466163565e-05
1350,1.8598730255621185e-05
1351,1.8542515859224948e-05
1352,1.8629325539426857e-05
1353,1.8615495641704627e-05
1354,1.86494841395642e-05
1355,1.8680903205479562e-05
1356,1.8700947486693034e-05
1357,1.8721164198538334e-05
1358,1.8649642099508306e-05
1359,1.8664122516482744e-05
1360,1.8696511501654128e-05
1361,1.866993076213815e-05
1362,1.86996438025154e-05
1363,1.855072283350432e-05
1364,1.8686258106185642e-05
1365,1.8646926692081074e-05
1366,1.8677078456140284e-05
1367,1.8723887295977608e-05
1368,1.8592884158582348e-05
1369,1.871714883484838e-05
1370,1.8730696208586833e-05
1371,1.8678535150926123e-05
1372,1.865986276773464e-05
1373,1.878158447417215e-05
1374,1.8523771904310604e-05
1375,1.857955978933466e-05
1376,1.8636589517805115e-05
1377,1.8638549233779882e-05
1378,1.8530656897956688e-05
1379,1.858700493022224e-05
1380,1.8613973492909503e-05
1381,1.8601164073893452e-05
1382,1.8732334611040464e-05
1383,1.8558118226583425e-05
1384,1.8533463980676467e-05
1385,1.856211022366977e-05
1386,1.8660356043206488e-05
1387,1.8625995205594565e-05
1388,1.8684871337355264e-05
1389,1.864578441059533e-05
1390,1.856700950568977e-05
1391,1.8647087383676046e-05
1392,1.872877984704013e-05
1393,1.8628926909039105e-05
1394,1.8592687077223997e-05
1395,1.8622428081238225e-05
1396,1.8624410917600673e-05
1397,1.858359159011462e-05
1398,1.861764276631458e-05
1399,1.8513845860749387e-05
1400,1.851404425853165e-05
1401,1.8562138342636533e-05
1402,1.8542876652479707e-05
1403,1.8598889167652973e-05
1404,1.8474049471278653e-05
1405,1.8515003935521954e-05
1406,1.8557013946427403e-05
1407,1.8403175802703114e-05
1408,1.8463083849780857e-05
1409,1.8518669988327758e-05
1410,1.8572594918018024e-05
1411,1.8380466243940994e-05
1412,1.8463458787704956e-05
1413,1.8428708163211218e-05
1414,1.847611322432702e-05
1415,1.8454329441710216e-05
1416,1.83974496959463e-05
1417,1.8407585750764433e-05
1418,1.84837002178872e-05
1419,1.843313825474346e-05
1420,1.848271468854166e-05
1421,1.8423043543774746e-05
1422,1.8407501688531554e-05
1423,1.836437340116365e-05
1424,1.8392650283538103e-05
1425,1.8452530193756864e-05
1426,1.8410029088805144e-05
1427,1.8400458805243536e-05
1428,1.8347978479474747e-05
1429,1.8422087649009362e-05
1430,1.8459077534486485e-05
1431,1.8427349435286863e-05
1432,1.8427010414169898e-05
1433,1.84544497529438e-05
1434,1.833596213271342e-05
1435,1.8417833427056623e-05
1436,1.8336431855692596e-05
1437,1.839776271191166e-05
1438,1.840997776822319e-05
1439,1.8289262402314386e-05
1440,1.8360715530801734e-05
1441,1.8464972786198848e-05
1442,1.8349617731412897e-05
1443,1.834429029367836e-05
1444,1.829842028243869e-05
1445,1.8301948839722873e-05
1446,1.833224042766714e-05
1447,1.832786699255633e-05
1448,1.8373540552940417e-05
1449,1.8233114088846816e-05
1450,1.8241910237245766e-05
1451,1.8398755190563075e-05
1452,1.8379381520296134e-05
1453,1.8291876264911504e-05
1454,1.8401687109980938e-05
1455,1.8226386273745752e-05
1456,1.829418465255905e-05
1457,1.8310511572576807e-05
1458,1.829798578179524e-05
1459,1.8290505057877484e-05
1460,1.833177606902832e-05
1461,1.829695171957035e-05
1462,1.826035106789966e-05
1463,1.837498051406878e-05
1464,1.8210335955229216e-05
1465,1.8252304239265102e-05
1466,1.8212235682238158e-05
1467,1.828159533601097e-05
1468,1.8308052869554134e-05
1469,1.834326534999288e-05
1470,1.829861382826306e-05
1471,1.8348410813893088e-05
1472,1.8299258479026037e-05
1473,1.823229735294599e-05
1474,1.826128550372024e-05
1475,1.8243643014500164e-05
1476,1.8202470355131013e-05
1477,1.8322094190435137e-05
1478,1.815244998024836e-05
1479,1.8332757899593175e-05
1480,1.8104864714094418e-05
1481,1.8174204910317453e-05
1482,1.814073249591611e-05
1483,1.8124426581995867e-05
1484,1.8122688975900956e-05
1485,1.823622947871181e-05
1486,1.8081651933845533e-05
1487,1.8222489854197244e-05
1488,1.8297631239258158e-05
1489,1.8119819906462104e-05
1490,1.8111385624692667e-05
1491,1.8114134731717017e-05
1492,1.80701001946307e-05
1493,1.8262214404511874e-05
1494,1.8147263567394236e-05
1495,1.8159049810887647e-05
1496,1.8098869241892768e-05
1497,1.8165894090553723e-05
1498,1.812770222834242e-05
1499,1.8162718772524782e-05
1500,1.8041044924920848e-05
